ad_id,fb_campaign_id,xyz_campaign_id,age,gender,interest,Impressions,Clicks,Spent,Conversion,Approved,Gender
AllBAUPromos_101022_091322_FB_IG_PURCHBID7DC1DV-LC_PROSPECT_NOEXCL_LL-LP,23851148563830204,23851148563830204,13-17,1,10000,1424,23,22.26,23,23,female
AllBAUPromos_101022_091322_FB_IG_PURCHBID7DC1DV-LC_PROSPECT_NOEXCL_LL-LP,23851148563830204,23851148563830204,13-17,2,10000,930,29,15,29,29,male
AllBAUPromos_101022_091322_FB_IG_PURCHBID7DC1DV-LC_PROSPECT_NOEXCL_LL-LP,23851148563830204,23851148563830204,13-17,3,10000,107,2,1.05,2,2,unknown
AllBAUPromos_101022_091322_FB_IG_PURCHBID7DC1DV-LC_PROSPECT_NOEXCL_LL-LP,23851148563830204,23851148563830204,18-24,1,10000,734529,15363,7463.87,15363,15363,female
AllBAUPromos_101022_091322_FB_IG_PURCHBID7DC1DV-LC_PROSPECT_NOEXCL_LL-LP,23851148563830204,23851148563830204,18-24,2,10000,183728,4451,1754.91,4451,4451,male
AllBAUPromos_101022_091322_FB_IG_PURCHBID7DC1DV-LC_PROSPECT_NOEXCL_LL-LP,23851148563830204,23851148563830204,18-24,3,10000,31705,730,305.35,730,730,unknown
AllBAUPromos_101022_091322_FB_IG_PURCHBID7DC1DV-LC_PROSPECT_NOEXCL_LL-LP,23851148563830204,23851148563830204,25-34,1,10000,2350328,44393,26857.79,44393,44393,female
AllBAUPromos_101022_091322_FB_IG_PURCHBID7DC1DV-LC_PROSPECT_NOEXCL_LL-LP,23851148563830204,23851148563830204,25-34,2,10000,678327,19447,7791.94,19447,19447,male
AllBAUPromos_101022_091322_FB_IG_PURCHBID7DC1DV-LC_PROSPECT_NOEXCL_LL-LP,23851148563830204,23851148563830204,25-34,3,10000,60319,1299,693.95,1299,1299,unknown
AllBAUPromos_101022_091322_FB_IG_PURCHBID7DC1DV-LC_PROSPECT_NOEXCL_LL-LP,23851148563830204,23851148563830204,35-44,1,10000,1885033,39445,26207.1,39445,39445,female
AllBAUPromos_101022_091322_FB_IG_PURCHBID7DC1DV-LC_PROSPECT_NOEXCL_LL-LP,23851148563830204,23851148563830204,35-44,2,10000,470539,19141,6573.33,19141,19141,male
AllBAUPromos_101022_091322_FB_IG_PURCHBID7DC1DV-LC_PROSPECT_NOEXCL_LL-LP,23851148563830204,23851148563830204,35-44,3,10000,27568,786,386.68,786,786,unknown
AllBAUPromos_101022_091322_FB_IG_PURCHBID7DC1DV-LC_PROSPECT_NOEXCL_LL-LP,23851148563830204,23851148563830204,45-54,1,10000,856896,23227,16348.53,23227,23227,female
AllBAUPromos_101022_091322_FB_IG_PURCHBID7DC1DV-LC_PROSPECT_NOEXCL_LL-LP,23851148563830204,23851148563830204,45-54,2,10000,165306,9766,2972.27,9766,9766,male
AllBAUPromos_101022_091322_FB_IG_PURCHBID7DC1DV-LC_PROSPECT_NOEXCL_LL-LP,23851148563830204,23851148563830204,45-54,3,10000,9544,364,177.78,364,364,unknown
AllBAUPromos_101022_091322_FB_IG_PURCHBID7DC1DV-LC_PROSPECT_NOEXCL_LL-LP,23851148563830204,23851148563830204,55-64,1,10000,322050,11603,8041.06,11603,11603,female
AllBAUPromos_101022_091322_FB_IG_PURCHBID7DC1DV-LC_PROSPECT_NOEXCL_LL-LP,23851148563830204,23851148563830204,55-64,2,10000,52178,3666,1128.45,3666,3666,male
AllBAUPromos_101022_091322_FB_IG_PURCHBID7DC1DV-LC_PROSPECT_NOEXCL_LL-LP,23851148563830204,23851148563830204,55-64,3,10000,3335,184,77.65,184,184,unknown
AllBAUPromos_101022_091322_FB_IG_PURCHBID7DC1DV-LC_PROSPECT_NOEXCL_LL-LP,23851148563830204,23851148563830204,65+,1,10000,174301,6815,4073.99,6815,6815,female
AllBAUPromos_101022_091322_FB_IG_PURCHBID7DC1DV-LC_PROSPECT_NOEXCL_LL-LP,23851148563830204,23851148563830204,65+,2,10000,33589,2105,653.08,2105,2105,male
AllBAUPromos_101022_091322_FB_IG_PURCHBID7DC1DV-LC_PROSPECT_NOEXCL_LL-LP,23851148563830204,23851148563830204,65+,3,10000,3256,153,59.19,153,153,unknown
AugTOMLaydownMixIGS_082622_FB_IG_2for29Bra50OffOther_STORY_PURCHBID7DC1DV-LCB_PROSPECT_NOEXCL_LL-LP_OT-BM-OS,23849711091190204,23849711091190204,13-17,1,10000,180,0,1.73,0,0,female
AugTOMLaydownMixIGS_082622_FB_IG_2for29Bra50OffOther_STORY_PURCHBID7DC1DV-LCB_PROSPECT_NOEXCL_LL-LP_OT-BM-OS,23849711091190204,23849711091190204,18-24,1,10000,288553,1183,1626.72,1183,1183,female
AugTOMLaydownMixIGS_082622_FB_IG_2for29Bra50OffOther_STORY_PURCHBID7DC1DV-LCB_PROSPECT_NOEXCL_LL-LP_OT-BM-OS,23849711091190204,23849711091190204,25-34,1,10000,218977,959,1749.55,959,959,female
AugTOMLaydownMixIGS_082622_FB_IG_2for29Bra50OffOther_STORY_PURCHBID7DC1DV-LCB_PROSPECT_NOEXCL_LL-LP_OT-BM-OS,23849711091190204,23849711091190204,35-44,1,10000,26092,185,301.48,185,185,female
AugTOMLaydownMixIGS_082622_FB_IG_2for29Bra50OffOther_STORY_PURCHBID7DC1DV-LCB_PROSPECT_NOEXCL_LL-LP_OT-BM-OS,23849711091190204,23849711091190204,45-54,1,10000,4430,52,61.07,52,52,female
AugTOMLaydownMixIGS_082622_FB_IG_2for29Bra50OffOther_STORY_PURCHBID7DC1DV-LCB_PROSPECT_NOEXCL_LL-LP_OT-BM-OS,23849711091190204,23849711091190204,55-64,1,10000,1030,15,14.55,15,15,female
AugTOMLaydownMixIGS_082622_FB_IG_2for29Bra50OffOther_STORY_PURCHBID7DC1DV-LCB_PROSPECT_NOEXCL_LL-LP_OT-BM-OS,23849711091190204,23849711091190204,65+,1,10000,1593,11,15.2,11,11,female
BAUPromos_083022_FB_IG_LINK_PURCHBID7DC1DV-LC_PROSPECT_LL-LP_TEST-ASC,23850953710990204,23850953710990204,13-17,1,10000,54,0,0.71,0,0,female
BAUPromos_083022_FB_IG_LINK_PURCHBID7DC1DV-LC_PROSPECT_LL-LP_TEST-ASC,23850953710990204,23850953710990204,13-17,2,10000,39,0,0.4,0,0,male
BAUPromos_083022_FB_IG_LINK_PURCHBID7DC1DV-LC_PROSPECT_LL-LP_TEST-ASC,23850953710990204,23850953710990204,13-17,3,10000,7,0,0.05,0,0,unknown
BAUPromos_083022_FB_IG_LINK_PURCHBID7DC1DV-LC_PROSPECT_LL-LP_TEST-ASC,23850953710990204,23850953710990204,18-24,1,10000,260769,2678,2913.36,2678,2678,female
BAUPromos_083022_FB_IG_LINK_PURCHBID7DC1DV-LC_PROSPECT_LL-LP_TEST-ASC,23850953710990204,23850953710990204,18-24,2,10000,36043,620,325.23,620,620,male
BAUPromos_083022_FB_IG_LINK_PURCHBID7DC1DV-LC_PROSPECT_LL-LP_TEST-ASC,23850953710990204,23850953710990204,18-24,3,10000,5079,66,56.77,66,66,unknown
BAUPromos_083022_FB_IG_LINK_PURCHBID7DC1DV-LC_PROSPECT_LL-LP_TEST-ASC,23850953710990204,23850953710990204,25-34,1,10000,779820,7730,9801.72,7730,7730,female
BAUPromos_083022_FB_IG_LINK_PURCHBID7DC1DV-LC_PROSPECT_LL-LP_TEST-ASC,23850953710990204,23850953710990204,25-34,2,10000,159039,3245,1739.95,3245,3245,male
BAUPromos_083022_FB_IG_LINK_PURCHBID7DC1DV-LC_PROSPECT_LL-LP_TEST-ASC,23850953710990204,23850953710990204,25-34,3,10000,12075,126,156.98,126,126,unknown
BAUPromos_083022_FB_IG_LINK_PURCHBID7DC1DV-LC_PROSPECT_LL-LP_TEST-ASC,23850953710990204,23850953710990204,35-44,1,10000,205725,2498,3552.17,2498,2498,female
BAUPromos_083022_FB_IG_LINK_PURCHBID7DC1DV-LC_PROSPECT_LL-LP_TEST-ASC,23850953710990204,23850953710990204,35-44,2,10000,85946,2313,1184.86,2313,2313,male
BAUPromos_083022_FB_IG_LINK_PURCHBID7DC1DV-LC_PROSPECT_LL-LP_TEST-ASC,23850953710990204,23850953710990204,35-44,3,10000,4484,73,70.39,73,73,unknown
BAUPromos_083022_FB_IG_LINK_PURCHBID7DC1DV-LC_PROSPECT_LL-LP_TEST-ASC,23850953710990204,23850953710990204,45-54,1,10000,37166,724,928.43,724,724,female
BAUPromos_083022_FB_IG_LINK_PURCHBID7DC1DV-LC_PROSPECT_LL-LP_TEST-ASC,23850953710990204,23850953710990204,45-54,2,10000,27133,990,470.06,990,990,male
BAUPromos_083022_FB_IG_LINK_PURCHBID7DC1DV-LC_PROSPECT_LL-LP_TEST-ASC,23850953710990204,23850953710990204,45-54,3,10000,931,36,18.77,36,36,unknown
BAUPromos_083022_FB_IG_LINK_PURCHBID7DC1DV-LC_PROSPECT_LL-LP_TEST-ASC,23850953710990204,23850953710990204,55-64,1,10000,6676,199,200.28,199,199,female
BAUPromos_083022_FB_IG_LINK_PURCHBID7DC1DV-LC_PROSPECT_LL-LP_TEST-ASC,23850953710990204,23850953710990204,55-64,2,10000,8765,438,190.1,438,438,male
BAUPromos_083022_FB_IG_LINK_PURCHBID7DC1DV-LC_PROSPECT_LL-LP_TEST-ASC,23850953710990204,23850953710990204,55-64,3,10000,266,10,5.02,10,10,unknown
BAUPromos_083022_FB_IG_LINK_PURCHBID7DC1DV-LC_PROSPECT_LL-LP_TEST-ASC,23850953710990204,23850953710990204,65+,1,10000,6715,127,124.08,127,127,female
BAUPromos_083022_FB_IG_LINK_PURCHBID7DC1DV-LC_PROSPECT_LL-LP_TEST-ASC,23850953710990204,23850953710990204,65+,2,10000,4802,211,110.98,211,211,male
BAUPromos_083022_FB_IG_LINK_PURCHBID7DC1DV-LC_PROSPECT_LL-LP_TEST-ASC,23850953710990204,23850953710990204,65+,3,10000,326,9,14.04,9,9,unknown
BlackCrowProspect1_101222_FB_IG_PRODTAG_PURCHBID7DC1DV-LC_PROSPECT-LALCONV-A-1%_NEXCL_LL-LP_TEST-BLKCROW_CT-PAC_OT-BM-OS,23851521319640204,23851521319640204,18-24,1,10000,36509,151,428.71,151,151,female
BlackCrowProspect1_101222_FB_IG_PRODTAG_PURCHBID7DC1DV-LC_PROSPECT-LALCONV-A-1%_NEXCL_LL-LP_TEST-BLKCROW_CT-PAC_OT-BM-OS,23851521319640204,23851521319640204,25-34,1,10000,83369,373,1363.08,373,373,female
BlackCrowProspect1_101222_FB_IG_PRODTAG_PURCHBID7DC1DV-LC_PROSPECT-LALCONV-A-1%_NEXCL_LL-LP_TEST-BLKCROW_CT-PAC_OT-BM-OS,23851521319640204,23851521319640204,35-44,1,10000,39532,271,980.86,271,271,female
BlackCrowProspect1_101222_FB_IG_PRODTAG_PURCHBID7DC1DV-LC_PROSPECT-LALCONV-A-1%_NEXCL_LL-LP_TEST-BLKCROW_CT-PAC_OT-BM-OS,23851521319640204,23851521319640204,45-54,1,10000,15921,157,632,157,157,female
BlackCrowProspect1_101222_FB_IG_PRODTAG_PURCHBID7DC1DV-LC_PROSPECT-LALCONV-A-1%_NEXCL_LL-LP_TEST-BLKCROW_CT-PAC_OT-BM-OS,23851521319640204,23851521319640204,55-64,1,10000,5659,95,308.98,95,95,female
BlackCrowProspect1_101222_FB_IG_PRODTAG_PURCHBID7DC1DV-LC_PROSPECT-LALCONV-A-1%_NEXCL_LL-LP_TEST-BLKCROW_CT-PAC_OT-BM-OS,23851521319640204,23851521319640204,65+,1,10000,3113,57,175.2,57,57,female
BlackCrowProspect20_101222_FB_IG_PRODTAG_PURCHBID7DC1DV-LC_PROSPECT-LALCONV-A-20%_NEXCL_LL-LP_TEST-BLKCROW_CT-PAC_OT-BM-OS,23851521319640204,23851521319640204,18-24,1,10000,36416,151,427.03,151,151,female
BlackCrowProspect20_101222_FB_IG_PRODTAG_PURCHBID7DC1DV-LC_PROSPECT-LALCONV-A-20%_NEXCL_LL-LP_TEST-BLKCROW_CT-PAC_OT-BM-OS,23851521319640204,23851521319640204,25-34,1,10000,81491,375,1292.17,375,375,female
BlackCrowProspect20_101222_FB_IG_PRODTAG_PURCHBID7DC1DV-LC_PROSPECT-LALCONV-A-20%_NEXCL_LL-LP_TEST-BLKCROW_CT-PAC_OT-BM-OS,23851521319640204,23851521319640204,35-44,1,10000,39678,240,962.7,240,240,female
BlackCrowProspect20_101222_FB_IG_PRODTAG_PURCHBID7DC1DV-LC_PROSPECT-LALCONV-A-20%_NEXCL_LL-LP_TEST-BLKCROW_CT-PAC_OT-BM-OS,23851521319640204,23851521319640204,45-54,1,10000,16861,163,655.76,163,163,female
BlackCrowProspect20_101222_FB_IG_PRODTAG_PURCHBID7DC1DV-LC_PROSPECT-LALCONV-A-20%_NEXCL_LL-LP_TEST-BLKCROW_CT-PAC_OT-BM-OS,23851521319640204,23851521319640204,55-64,1,10000,6267,94,346.23,94,94,female
BlackCrowProspect20_101222_FB_IG_PRODTAG_PURCHBID7DC1DV-LC_PROSPECT-LALCONV-A-20%_NEXCL_LL-LP_TEST-BLKCROW_CT-PAC_OT-BM-OS,23851521319640204,23851521319640204,65+,1,10000,3365,75,182.89,75,75,female
BlackCrowProspect5_101222_FB_IG_PRODTAG_PURCHBID7DC1DV-LC_PROSPECT-LALCONV-A-5%_NEXCL_LL-LP_TEST-BLKCROW_CT-PAC_OT-BM-OS,23851521319640204,23851521319640204,18-24,1,10000,34070,113,414.09,113,113,female
BlackCrowProspect5_101222_FB_IG_PRODTAG_PURCHBID7DC1DV-LC_PROSPECT-LALCONV-A-5%_NEXCL_LL-LP_TEST-BLKCROW_CT-PAC_OT-BM-OS,23851521319640204,23851521319640204,25-34,1,10000,80656,402,1332.95,402,402,female
BlackCrowProspect5_101222_FB_IG_PRODTAG_PURCHBID7DC1DV-LC_PROSPECT-LALCONV-A-5%_NEXCL_LL-LP_TEST-BLKCROW_CT-PAC_OT-BM-OS,23851521319640204,23851521319640204,35-44,1,10000,39716,265,1003.47,265,265,female
BlackCrowProspect5_101222_FB_IG_PRODTAG_PURCHBID7DC1DV-LC_PROSPECT-LALCONV-A-5%_NEXCL_LL-LP_TEST-BLKCROW_CT-PAC_OT-BM-OS,23851521319640204,23851521319640204,45-54,1,10000,16570,158,625.97,158,158,female
BlackCrowProspect5_101222_FB_IG_PRODTAG_PURCHBID7DC1DV-LC_PROSPECT-LALCONV-A-5%_NEXCL_LL-LP_TEST-BLKCROW_CT-PAC_OT-BM-OS,23851521319640204,23851521319640204,55-64,1,10000,5691,114,308.12,114,114,female
BlackCrowProspect5_101222_FB_IG_PRODTAG_PURCHBID7DC1DV-LC_PROSPECT-LALCONV-A-5%_NEXCL_LL-LP_TEST-BLKCROW_CT-PAC_OT-BM-OS,23851521319640204,23851521319640204,65+,1,10000,3122,74,166.52,74,74,female
BlackCrowRTHigh_101222_FB_IG_PRODTAG_PURCHBID7DC1DV-LC_SITERET-A-High_NEXCL_LL-LP_TEST-BLKCROW_CT-PAC_OT-BM-OS,23851521174810204,23851521174810204,18-24,1,10000,21146,89,571.82,89,89,female
BlackCrowRTHigh_101222_FB_IG_PRODTAG_PURCHBID7DC1DV-LC_SITERET-A-High_NEXCL_LL-LP_TEST-BLKCROW_CT-PAC_OT-BM-OS,23851521174810204,23851521174810204,25-34,1,10000,49653,249,1325.06,249,249,female
BlackCrowRTHigh_101222_FB_IG_PRODTAG_PURCHBID7DC1DV-LC_SITERET-A-High_NEXCL_LL-LP_TEST-BLKCROW_CT-PAC_OT-BM-OS,23851521174810204,23851521174810204,35-44,1,10000,17939,139,630.18,139,139,female
BlackCrowRTHigh_101222_FB_IG_PRODTAG_PURCHBID7DC1DV-LC_SITERET-A-High_NEXCL_LL-LP_TEST-BLKCROW_CT-PAC_OT-BM-OS,23851521174810204,23851521174810204,45-54,1,10000,7904,104,443.07,104,104,female
BlackCrowRTHigh_101222_FB_IG_PRODTAG_PURCHBID7DC1DV-LC_SITERET-A-High_NEXCL_LL-LP_TEST-BLKCROW_CT-PAC_OT-BM-OS,23851521174810204,23851521174810204,55-64,1,10000,3239,70,240.75,70,70,female
BlackCrowRTHigh_101222_FB_IG_PRODTAG_PURCHBID7DC1DV-LC_SITERET-A-High_NEXCL_LL-LP_TEST-BLKCROW_CT-PAC_OT-BM-OS,23851521174810204,23851521174810204,65+,1,10000,1590,25,106.88,25,25,female
BlackCrowRTLow_101222_FB_IG_PRODTAG_PURCHBID7DC1DV-LC_SITERET-A-Low_NEXCL_LL-LP_TEST-BLKCROW_CT-PAC_OT-BM-OS,23851521174810204,23851521174810204,18-24,1,10000,7565,27,111.88,27,27,female
BlackCrowRTLow_101222_FB_IG_PRODTAG_PURCHBID7DC1DV-LC_SITERET-A-Low_NEXCL_LL-LP_TEST-BLKCROW_CT-PAC_OT-BM-OS,23851521174810204,23851521174810204,25-34,1,10000,16539,84,279.44,84,84,female
BlackCrowRTLow_101222_FB_IG_PRODTAG_PURCHBID7DC1DV-LC_SITERET-A-Low_NEXCL_LL-LP_TEST-BLKCROW_CT-PAC_OT-BM-OS,23851521174810204,23851521174810204,35-44,1,10000,5770,38,135.5,38,38,female
BlackCrowRTLow_101222_FB_IG_PRODTAG_PURCHBID7DC1DV-LC_SITERET-A-Low_NEXCL_LL-LP_TEST-BLKCROW_CT-PAC_OT-BM-OS,23851521174810204,23851521174810204,45-54,1,10000,2148,32,76.26,32,32,female
BlackCrowRTLow_101222_FB_IG_PRODTAG_PURCHBID7DC1DV-LC_SITERET-A-Low_NEXCL_LL-LP_TEST-BLKCROW_CT-PAC_OT-BM-OS,23851521174810204,23851521174810204,55-64,1,10000,884,19,47.46,19,19,female
BlackCrowRTLow_101222_FB_IG_PRODTAG_PURCHBID7DC1DV-LC_SITERET-A-Low_NEXCL_LL-LP_TEST-BLKCROW_CT-PAC_OT-BM-OS,23851521174810204,23851521174810204,65+,1,10000,414,9,17.31,9,9,female
,,,,,,,,,,,
,,,,,,,,,,,
,,,,,,,,,,,
,,,,,,,,,,,
,,,,,,,,,,,
,,,,,,,,,,,
BreastCancerAwarenessInspo_101122_FB_IG_UpTo65Off_STORY_PURCHBID7DC1DV-LCB_PROSPECT_NOEXCL_LL-LP_OT-BM-OS,23849711091190204,23849711091190204,13-17,1,10000,1652,8,12.09,8,8,female
BreastCancerAwarenessInspo_101122_FB_IG_UpTo65Off_STORY_PURCHBID7DC1DV-LCB_PROSPECT_NOEXCL_LL-LP_OT-BM-OS,23849711091190204,23849711091190204,18-24,1,10000,2386089,10403,13288.7,10403,10403,female
BreastCancerAwarenessInspo_101122_FB_IG_UpTo65Off_STORY_PURCHBID7DC1DV-LCB_PROSPECT_NOEXCL_LL-LP_OT-BM-OS,23849711091190204,23849711091190204,25-34,1,10000,2931140,14190,20173.52,14190,14190,female
BreastCancerAwarenessInspo_101122_FB_IG_UpTo65Off_STORY_PURCHBID7DC1DV-LCB_PROSPECT_NOEXCL_LL-LP_OT-BM-OS,23849711091190204,23849711091190204,35-44,1,10000,410515,2516,3827.64,2516,2516,female
BreastCancerAwarenessInspo_101122_FB_IG_UpTo65Off_STORY_PURCHBID7DC1DV-LCB_PROSPECT_NOEXCL_LL-LP_OT-BM-OS,23849711091190204,23849711091190204,45-54,1,10000,64359,562,942.27,562,562,female
BreastCancerAwarenessInspo_101122_FB_IG_UpTo65Off_STORY_PURCHBID7DC1DV-LCB_PROSPECT_NOEXCL_LL-LP_OT-BM-OS,23849711091190204,23849711091190204,55-64,1,10000,13834,157,267.63,157,157,female
BreastCancerAwarenessInspo_101122_FB_IG_UpTo65Off_STORY_PURCHBID7DC1DV-LCB_PROSPECT_NOEXCL_LL-LP_OT-BM-OS,23849711091190204,23849711091190204,65+,1,10000,21077,156,206,156,156,female
ControlPixisTargetingBAU_092322_FB_IG_PURCHBID7DC1DV-LCB_PROSPECT_NOEXCL_LL-LP_TEST-PIXIS_OT-BM-OS,23851258806840204,23851258806840204,13-17,1,10000,1486,19,14.86,19,19,female
ControlPixisTargetingBAU_092322_FB_IG_PURCHBID7DC1DV-LCB_PROSPECT_NOEXCL_LL-LP_TEST-PIXIS_OT-BM-OS,23851258806840204,23851258806840204,18-24,1,10000,1390326,10358,10568.27,10358,10358,female
ControlPixisTargetingBAU_092322_FB_IG_PURCHBID7DC1DV-LCB_PROSPECT_NOEXCL_LL-LP_TEST-PIXIS_OT-BM-OS,23851258806840204,23851258806840204,25-34,1,10000,2282918,20190,23651.18,20190,20190,female
ControlPixisTargetingBAU_092322_FB_IG_PURCHBID7DC1DV-LCB_PROSPECT_NOEXCL_LL-LP_TEST-PIXIS_OT-BM-OS,23851258806840204,23851258806840204,35-44,1,10000,608190,8100,7991.05,8100,8100,female
ControlPixisTargetingBAU_092322_FB_IG_PURCHBID7DC1DV-LCB_PROSPECT_NOEXCL_LL-LP_TEST-PIXIS_OT-BM-OS,23851258806840204,23851258806840204,45-54,1,10000,116886,2372,1812.47,2372,2372,female
ControlPixisTargetingBAU_092322_FB_IG_PURCHBID7DC1DV-LCB_PROSPECT_NOEXCL_LL-LP_TEST-PIXIS_OT-BM-OS,23851258806840204,23851258806840204,55-64,1,10000,16977,453,313.07,453,453,female
ControlPixisTargetingBAU_092322_FB_IG_PURCHBID7DC1DV-LCB_PROSPECT_NOEXCL_LL-LP_TEST-PIXIS_OT-BM-OS,23851258806840204,23851258806840204,65+,1,10000,18063,332,205.51,332,332,female
DecDealOnesie_120121_FB_IG_25Onesie_PURCHBID7DC1DV-LCB_PROSPECT_NOEXCL_LL-LP_OT-BM-OS_C2-AdSalad,23848880120760204,23848880120760204,13-17,1,10000,2823,27,44.56,27,27,female
DecDealOnesie_120121_FB_IG_25Onesie_PURCHBID7DC1DV-LCB_PROSPECT_NOEXCL_LL-LP_OT-BM-OS_C2-AdSalad,23848880120760204,23848880120760204,18-24,1,10000,2085899,15150,15420.5,15150,15150,female
DecDealOnesie_120121_FB_IG_25Onesie_PURCHBID7DC1DV-LCB_PROSPECT_NOEXCL_LL-LP_OT-BM-OS_C2-AdSalad,23848880120760204,23848880120760204,25-34,1,10000,5011757,37307,46008.95,37307,37307,female
DecDealOnesie_120121_FB_IG_25Onesie_PURCHBID7DC1DV-LCB_PROSPECT_NOEXCL_LL-LP_OT-BM-OS_C2-AdSalad,23848880120760204,23848880120760204,35-44,1,10000,2851610,26153,37668.11,26153,26153,female
DecDealOnesie_120121_FB_IG_25Onesie_PURCHBID7DC1DV-LCB_PROSPECT_NOEXCL_LL-LP_OT-BM-OS_C2-AdSalad,23848880120760204,23848880120760204,45-54,1,10000,1210493,19775,26702.67,19775,19775,female
DecDealOnesie_120121_FB_IG_25Onesie_PURCHBID7DC1DV-LCB_PROSPECT_NOEXCL_LL-LP_OT-BM-OS_C2-AdSalad,23848880120760204,23848880120760204,55-64,1,10000,312421,7945,10140.78,7945,7945,female
DecDealOnesie_120121_FB_IG_25Onesie_PURCHBID7DC1DV-LCB_PROSPECT_NOEXCL_LL-LP_OT-BM-OS_C2-AdSalad,23848880120760204,23848880120760204,65+,1,10000,143896,2630,3422.05,2630,2630,female
DONT USE LingerieLaydown_100422_FB_IG_UpTo65Off_STORY_VID_PURCHBID7DC1DV-LC_PROSPECT_LL-LP_TEST-ASC,23851424915780204,23851424915780204,13-17,1,10000,26,0,0.48,0,0,female
DONT USE LingerieLaydown_100422_FB_IG_UpTo65Off_STORY_VID_PURCHBID7DC1DV-LC_PROSPECT_LL-LP_TEST-ASC,23851424915780204,23851424915780204,13-17,2,10000,18,0,0.31,0,0,male
DONT USE LingerieLaydown_100422_FB_IG_UpTo65Off_STORY_VID_PURCHBID7DC1DV-LC_PROSPECT_LL-LP_TEST-ASC,23851424915780204,23851424915780204,13-17,3,10000,1,0,0,0,0,unknown
DONT USE LingerieLaydown_100422_FB_IG_UpTo65Off_STORY_VID_PURCHBID7DC1DV-LC_PROSPECT_LL-LP_TEST-ASC,23851424915780204,23851424915780204,18-24,1,10000,11124,101,131.66,101,101,female
DONT USE LingerieLaydown_100422_FB_IG_UpTo65Off_STORY_VID_PURCHBID7DC1DV-LC_PROSPECT_LL-LP_TEST-ASC,23851424915780204,23851424915780204,18-24,2,10000,1539,18,14.11,18,18,male
DONT USE LingerieLaydown_100422_FB_IG_UpTo65Off_STORY_VID_PURCHBID7DC1DV-LC_PROSPECT_LL-LP_TEST-ASC,23851424915780204,23851424915780204,18-24,3,10000,318,6,3.77,6,6,unknown
DONT USE LingerieLaydown_100422_FB_IG_UpTo65Off_STORY_VID_PURCHBID7DC1DV-LC_PROSPECT_LL-LP_TEST-ASC,23851424915780204,23851424915780204,25-34,1,10000,23213,252,335.59,252,252,female
DONT USE LingerieLaydown_100422_FB_IG_UpTo65Off_STORY_VID_PURCHBID7DC1DV-LC_PROSPECT_LL-LP_TEST-ASC,23851424915780204,23851424915780204,25-34,2,10000,5157,99,68.77,99,99,male
DONT USE LingerieLaydown_100422_FB_IG_UpTo65Off_STORY_VID_PURCHBID7DC1DV-LC_PROSPECT_LL-LP_TEST-ASC,23851424915780204,23851424915780204,25-34,3,10000,615,14,8.85,14,14,unknown
DONT USE LingerieLaydown_100422_FB_IG_UpTo65Off_STORY_VID_PURCHBID7DC1DV-LC_PROSPECT_LL-LP_TEST-ASC,23851424915780204,23851424915780204,35-44,1,10000,11711,170,193.19,170,170,female
DONT USE LingerieLaydown_100422_FB_IG_UpTo65Off_STORY_VID_PURCHBID7DC1DV-LC_PROSPECT_LL-LP_TEST-ASC,23851424915780204,23851424915780204,35-44,2,10000,4178,133,63.08,133,133,male
DONT USE LingerieLaydown_100422_FB_IG_UpTo65Off_STORY_VID_PURCHBID7DC1DV-LC_PROSPECT_LL-LP_TEST-ASC,23851424915780204,23851424915780204,35-44,3,10000,326,7,5.8,7,7,unknown
DONT USE LingerieLaydown_100422_FB_IG_UpTo65Off_STORY_VID_PURCHBID7DC1DV-LC_PROSPECT_LL-LP_TEST-ASC,23851424915780204,23851424915780204,45-54,1,10000,3629,82,89.21,82,82,female
DONT USE LingerieLaydown_100422_FB_IG_UpTo65Off_STORY_VID_PURCHBID7DC1DV-LC_PROSPECT_LL-LP_TEST-ASC,23851424915780204,23851424915780204,45-54,2,10000,1502,62,25.14,62,62,male
DONT USE LingerieLaydown_100422_FB_IG_UpTo65Off_STORY_VID_PURCHBID7DC1DV-LC_PROSPECT_LL-LP_TEST-ASC,23851424915780204,23851424915780204,45-54,3,10000,93,3,2.09,3,3,unknown
DONT USE LingerieLaydown_100422_FB_IG_UpTo65Off_STORY_VID_PURCHBID7DC1DV-LC_PROSPECT_LL-LP_TEST-ASC,23851424915780204,23851424915780204,55-64,1,10000,793,28,39.4,28,28,female
DONT USE LingerieLaydown_100422_FB_IG_UpTo65Off_STORY_VID_PURCHBID7DC1DV-LC_PROSPECT_LL-LP_TEST-ASC,23851424915780204,23851424915780204,55-64,2,10000,378,21,9.75,21,21,male
DONT USE LingerieLaydown_100422_FB_IG_UpTo65Off_STORY_VID_PURCHBID7DC1DV-LC_PROSPECT_LL-LP_TEST-ASC,23851424915780204,23851424915780204,55-64,3,10000,28,0,1.06,0,0,unknown
DONT USE LingerieLaydown_100422_FB_IG_UpTo65Off_STORY_VID_PURCHBID7DC1DV-LC_PROSPECT_LL-LP_TEST-ASC,23851424915780204,23851424915780204,65+,1,10000,569,14,13.2,14,14,female
DONT USE LingerieLaydown_100422_FB_IG_UpTo65Off_STORY_VID_PURCHBID7DC1DV-LC_PROSPECT_LL-LP_TEST-ASC,23851424915780204,23851424915780204,65+,2,10000,246,9,5.81,9,9,male
DONT USE LingerieLaydown_100422_FB_IG_UpTo65Off_STORY_VID_PURCHBID7DC1DV-LC_PROSPECT_LL-LP_TEST-ASC,23851424915780204,23851424915780204,65+,3,10000,37,1,0.63,1,1,unknown
Dynamic65_100422_FB_IG_2for29UpTo65_COLLECT_DABA_PURCHBID7DC1DV-LC_PROSPECT_NOEXCL_LL-PDPLP_TEST-ASC,23851425177540204,23851425177540204,13-17,1,10000,434,8,8.86,8,8,female
Dynamic65_100422_FB_IG_2for29UpTo65_COLLECT_DABA_PURCHBID7DC1DV-LC_PROSPECT_NOEXCL_LL-PDPLP_TEST-ASC,23851425177540204,23851425177540204,13-17,2,10000,209,4,3.4,4,4,male
Dynamic65_100422_FB_IG_2for29UpTo65_COLLECT_DABA_PURCHBID7DC1DV-LC_PROSPECT_NOEXCL_LL-PDPLP_TEST-ASC,23851425177540204,23851425177540204,13-17,3,10000,39,0,0.47,0,0,unknown
Dynamic65_100422_FB_IG_2for29UpTo65_COLLECT_DABA_PURCHBID7DC1DV-LC_PROSPECT_NOEXCL_LL-PDPLP_TEST-ASC,23851425177540204,23851425177540204,18-24,1,10000,436792,6569,7271.11,6569,6569,female
Dynamic65_100422_FB_IG_2for29UpTo65_COLLECT_DABA_PURCHBID7DC1DV-LC_PROSPECT_NOEXCL_LL-PDPLP_TEST-ASC,23851425177540204,23851425177540204,18-24,2,10000,40763,549,659.44,549,549,male
Dynamic65_100422_FB_IG_2for29UpTo65_COLLECT_DABA_PURCHBID7DC1DV-LC_PROSPECT_NOEXCL_LL-PDPLP_TEST-ASC,23851425177540204,23851425177540204,18-24,3,10000,16226,292,234.06,292,292,unknown
Dynamic65_100422_FB_IG_2for29UpTo65_COLLECT_DABA_PURCHBID7DC1DV-LC_PROSPECT_NOEXCL_LL-PDPLP_TEST-ASC,23851425177540204,23851425177540204,25-34,1,10000,995139,13745,18174.23,13745,13745,female
Dynamic65_100422_FB_IG_2for29UpTo65_COLLECT_DABA_PURCHBID7DC1DV-LC_PROSPECT_NOEXCL_LL-PDPLP_TEST-ASC,23851425177540204,23851425177540204,25-34,2,10000,106237,1770,2210.59,1770,1770,male
Dynamic65_100422_FB_IG_2for29UpTo65_COLLECT_DABA_PURCHBID7DC1DV-LC_PROSPECT_NOEXCL_LL-PDPLP_TEST-ASC,23851425177540204,23851425177540204,25-34,3,10000,26198,593,410.87,593,593,unknown
Dynamic65_100422_FB_IG_2for29UpTo65_COLLECT_DABA_PURCHBID7DC1DV-LC_PROSPECT_NOEXCL_LL-PDPLP_TEST-ASC,23851425177540204,23851425177540204,35-44,1,10000,527056,8165,9996.57,8165,8165,female
Dynamic65_100422_FB_IG_2for29UpTo65_COLLECT_DABA_PURCHBID7DC1DV-LC_PROSPECT_NOEXCL_LL-PDPLP_TEST-ASC,23851425177540204,23851425177540204,35-44,2,10000,72102,1607,1570.93,1607,1607,male
Dynamic65_100422_FB_IG_2for29UpTo65_COLLECT_DABA_PURCHBID7DC1DV-LC_PROSPECT_NOEXCL_LL-PDPLP_TEST-ASC,23851425177540204,23851425177540204,35-44,3,10000,8080,168,148.32,168,168,unknown
Dynamic65_100422_FB_IG_2for29UpTo65_COLLECT_DABA_PURCHBID7DC1DV-LC_PROSPECT_NOEXCL_LL-PDPLP_TEST-ASC,23851425177540204,23851425177540204,45-54,1,10000,166860,3353,4132.3,3353,3353,female
Dynamic65_100422_FB_IG_2for29UpTo65_COLLECT_DABA_PURCHBID7DC1DV-LC_PROSPECT_NOEXCL_LL-PDPLP_TEST-ASC,23851425177540204,23851425177540204,45-54,2,10000,31227,866,737.25,866,866,male
Dynamic65_100422_FB_IG_2for29UpTo65_COLLECT_DABA_PURCHBID7DC1DV-LC_PROSPECT_NOEXCL_LL-PDPLP_TEST-ASC,23851425177540204,23851425177540204,45-54,3,10000,1882,55,43.21,55,55,unknown
Dynamic65_100422_FB_IG_2for29UpTo65_COLLECT_DABA_PURCHBID7DC1DV-LC_PROSPECT_NOEXCL_LL-PDPLP_TEST-ASC,23851425177540204,23851425177540204,55-64,1,10000,30286,742,1112.53,742,742,female
Dynamic65_100422_FB_IG_2for29UpTo65_COLLECT_DABA_PURCHBID7DC1DV-LC_PROSPECT_NOEXCL_LL-PDPLP_TEST-ASC,23851425177540204,23851425177540204,55-64,2,10000,14850,467,329.51,467,467,male
Dynamic65_100422_FB_IG_2for29UpTo65_COLLECT_DABA_PURCHBID7DC1DV-LC_PROSPECT_NOEXCL_LL-PDPLP_TEST-ASC,23851425177540204,23851425177540204,55-64,3,10000,382,9,9.65,9,9,unknown
Dynamic65_100422_FB_IG_2for29UpTo65_COLLECT_DABA_PURCHBID7DC1DV-LC_PROSPECT_NOEXCL_LL-PDPLP_TEST-ASC,23851425177540204,23851425177540204,65+,1,10000,25266,567,601.47,567,567,female
Dynamic65_100422_FB_IG_2for29UpTo65_COLLECT_DABA_PURCHBID7DC1DV-LC_PROSPECT_NOEXCL_LL-PDPLP_TEST-ASC,23851425177540204,23851425177540204,65+,2,10000,11128,333,239.17,333,333,male
Dynamic65_100422_FB_IG_2for29UpTo65_COLLECT_DABA_PURCHBID7DC1DV-LC_PROSPECT_NOEXCL_LL-PDPLP_TEST-ASC,23851425177540204,23851425177540204,65+,3,10000,734,15,15.56,15,15,unknown
FreshNewLounge_090822_FB_IG_50OffOrd_LINK_PURCHBID7DC1DV-LCB_PROSPECT_NOEXCL_LL-LP_OT-BM-OS_G-LGE,23849710482130204,23849710482130204,13-17,1,10000,942,10,13.68,10,10,female
FreshNewLounge_090822_FB_IG_50OffOrd_LINK_PURCHBID7DC1DV-LCB_PROSPECT_NOEXCL_LL-LP_OT-BM-OS_G-LGE,23849710482130204,23849710482130204,18-24,1,10000,124047,1300,1009.78,1300,1300,female
FreshNewLounge_090822_FB_IG_50OffOrd_LINK_PURCHBID7DC1DV-LCB_PROSPECT_NOEXCL_LL-LP_OT-BM-OS_G-LGE,23849710482130204,23849710482130204,25-34,1,10000,738039,7362,7734.73,7362,7362,female
FreshNewLounge_090822_FB_IG_50OffOrd_LINK_PURCHBID7DC1DV-LCB_PROSPECT_NOEXCL_LL-LP_OT-BM-OS_G-LGE,23849710482130204,23849710482130204,35-44,1,10000,659783,8588,9153.26,8588,8588,female
FreshNewLounge_090822_FB_IG_50OffOrd_LINK_PURCHBID7DC1DV-LCB_PROSPECT_NOEXCL_LL-LP_OT-BM-OS_G-LGE,23849710482130204,23849710482130204,45-54,1,10000,257504,5140,5317.72,5140,5140,female
FreshNewLounge_090822_FB_IG_50OffOrd_LINK_PURCHBID7DC1DV-LCB_PROSPECT_NOEXCL_LL-LP_OT-BM-OS_G-LGE,23849710482130204,23849710482130204,55-64,1,10000,93417,3232,2864.64,3232,3232,female
FreshNewLounge_090822_FB_IG_50OffOrd_LINK_PURCHBID7DC1DV-LCB_PROSPECT_NOEXCL_LL-LP_OT-BM-OS_G-LGE,23849710482130204,23849710482130204,65+,1,10000,51772,1796,1429.61,1796,1796,female
HisHersLounge_092222_FB_IG_65OffOrd_STORY_PURCHBID7DC1DV-LC_PROSPECT_NOEXCL_LL-LP_OT-BM-OS_INCFEMMEN,23849711091190204,23849711091190204,13-17,1,10000,548,4,5.08,4,4,female
HisHersLounge_092222_FB_IG_65OffOrd_STORY_PURCHBID7DC1DV-LC_PROSPECT_NOEXCL_LL-LP_OT-BM-OS_INCFEMMEN,23849711091190204,23849711091190204,13-17,2,10000,366,5,3.76,5,5,male
HisHersLounge_092222_FB_IG_65OffOrd_STORY_PURCHBID7DC1DV-LC_PROSPECT_NOEXCL_LL-LP_OT-BM-OS_INCFEMMEN,23849711091190204,23849711091190204,13-17,3,10000,27,0,0.17,0,0,unknown
HisHersLounge_092222_FB_IG_65OffOrd_STORY_PURCHBID7DC1DV-LC_PROSPECT_NOEXCL_LL-LP_OT-BM-OS_INCFEMMEN,23849711091190204,23849711091190204,18-24,1,10000,206630,818,1295.39,818,818,female
HisHersLounge_092222_FB_IG_65OffOrd_STORY_PURCHBID7DC1DV-LC_PROSPECT_NOEXCL_LL-LP_OT-BM-OS_INCFEMMEN,23849711091190204,23849711091190204,18-24,2,10000,67175,342,484.28,342,342,male
HisHersLounge_092222_FB_IG_65OffOrd_STORY_PURCHBID7DC1DV-LC_PROSPECT_NOEXCL_LL-LP_OT-BM-OS_INCFEMMEN,23849711091190204,23849711091190204,18-24,3,10000,3193,7,30.54,7,7,unknown
HisHersLounge_092222_FB_IG_65OffOrd_STORY_PURCHBID7DC1DV-LC_PROSPECT_NOEXCL_LL-LP_OT-BM-OS_INCFEMMEN,23849711091190204,23849711091190204,25-34,1,10000,674325,3370,5503.16,3370,3370,female
HisHersLounge_092222_FB_IG_65OffOrd_STORY_PURCHBID7DC1DV-LC_PROSPECT_NOEXCL_LL-LP_OT-BM-OS_INCFEMMEN,23849711091190204,23849711091190204,25-34,2,10000,225721,1475,1951.66,1475,1475,male
HisHersLounge_092222_FB_IG_65OffOrd_STORY_PURCHBID7DC1DV-LC_PROSPECT_NOEXCL_LL-LP_OT-BM-OS_INCFEMMEN,23849711091190204,23849711091190204,25-34,3,10000,9958,51,90.34,51,51,unknown
HisHersLounge_092222_FB_IG_65OffOrd_STORY_PURCHBID7DC1DV-LC_PROSPECT_NOEXCL_LL-LP_OT-BM-OS_INCFEMMEN,23849711091190204,23849711091190204,35-44,1,10000,243082,1871,2995.29,1871,1871,female
HisHersLounge_092222_FB_IG_65OffOrd_STORY_PURCHBID7DC1DV-LC_PROSPECT_NOEXCL_LL-LP_OT-BM-OS_INCFEMMEN,23849711091190204,23849711091190204,35-44,2,10000,64367,569,776.75,569,569,male
HisHersLounge_092222_FB_IG_65OffOrd_STORY_PURCHBID7DC1DV-LC_PROSPECT_NOEXCL_LL-LP_OT-BM-OS_INCFEMMEN,23849711091190204,23849711091190204,35-44,3,10000,3300,35,43.43,35,35,unknown
HisHersLounge_092222_FB_IG_65OffOrd_STORY_PURCHBID7DC1DV-LC_PROSPECT_NOEXCL_LL-LP_OT-BM-OS_INCFEMMEN,23849711091190204,23849711091190204,45-54,1,10000,100639,1572,2046.44,1572,1572,female
HisHersLounge_092222_FB_IG_65OffOrd_STORY_PURCHBID7DC1DV-LC_PROSPECT_NOEXCL_LL-LP_OT-BM-OS_INCFEMMEN,23849711091190204,23849711091190204,45-54,2,10000,12803,188,235.46,188,188,male
HisHersLounge_092222_FB_IG_65OffOrd_STORY_PURCHBID7DC1DV-LC_PROSPECT_NOEXCL_LL-LP_OT-BM-OS_INCFEMMEN,23849711091190204,23849711091190204,45-54,3,10000,1131,13,22.01,13,13,unknown
HisHersLounge_092222_FB_IG_65OffOrd_STORY_PURCHBID7DC1DV-LC_PROSPECT_NOEXCL_LL-LP_OT-BM-OS_INCFEMMEN,23849711091190204,23849711091190204,55-64,1,10000,39503,1110,1128.1,1110,1110,female
HisHersLounge_092222_FB_IG_65OffOrd_STORY_PURCHBID7DC1DV-LC_PROSPECT_NOEXCL_LL-LP_OT-BM-OS_INCFEMMEN,23849711091190204,23849711091190204,55-64,2,10000,2945,57,69.33,57,57,male
HisHersLounge_092222_FB_IG_65OffOrd_STORY_PURCHBID7DC1DV-LC_PROSPECT_NOEXCL_LL-LP_OT-BM-OS_INCFEMMEN,23849711091190204,23849711091190204,55-64,3,10000,402,13,9.48,13,13,unknown
HisHersLounge_092222_FB_IG_65OffOrd_STORY_PURCHBID7DC1DV-LC_PROSPECT_NOEXCL_LL-LP_OT-BM-OS_INCFEMMEN,23849711091190204,23849711091190204,65+,1,10000,19114,512,436.52,512,512,female
HisHersLounge_092222_FB_IG_65OffOrd_STORY_PURCHBID7DC1DV-LC_PROSPECT_NOEXCL_LL-LP_OT-BM-OS_INCFEMMEN,23849711091190204,23849711091190204,65+,2,10000,3438,36,44.82,36,36,male
HisHersLounge_092222_FB_IG_65OffOrd_STORY_PURCHBID7DC1DV-LC_PROSPECT_NOEXCL_LL-LP_OT-BM-OS_INCFEMMEN,23849711091190204,23849711091190204,65+,3,10000,335,8,7.21,8,8,unknown
LALTopLinkAds_081622_FB_IG_LINK_PURCHBID7DC1DV-LCB_PROSPECT-A-LALExpansion5%_NEXCL_NOEXCL_LL-LP_TEST_OT-BM-OS,23849710482130204,23849710482130204,13-17,1,10000,1030,9,8.15,9,9,female
LALTopLinkAds_081622_FB_IG_LINK_PURCHBID7DC1DV-LCB_PROSPECT-A-LALExpansion5%_NEXCL_NOEXCL_LL-LP_TEST_OT-BM-OS,23849710482130204,23849710482130204,18-24,1,10000,1186092,7887,7797.03,7887,7887,female
LALTopLinkAds_081622_FB_IG_LINK_PURCHBID7DC1DV-LCB_PROSPECT-A-LALExpansion5%_NEXCL_NOEXCL_LL-LP_TEST_OT-BM-OS,23849710482130204,23849710482130204,25-34,1,10000,1821931,12914,15013.39,12914,12914,female
LALTopLinkAds_081622_FB_IG_LINK_PURCHBID7DC1DV-LCB_PROSPECT-A-LALExpansion5%_NEXCL_NOEXCL_LL-LP_TEST_OT-BM-OS,23849710482130204,23849710482130204,35-44,1,10000,847793,7745,9123.03,7745,7745,female
LALTopLinkAds_081622_FB_IG_LINK_PURCHBID7DC1DV-LCB_PROSPECT-A-LALExpansion5%_NEXCL_NOEXCL_LL-LP_TEST_OT-BM-OS,23849710482130204,23849710482130204,45-54,1,10000,253025,3433,4024.64,3433,3433,female
LALTopLinkAds_081622_FB_IG_LINK_PURCHBID7DC1DV-LCB_PROSPECT-A-LALExpansion5%_NEXCL_NOEXCL_LL-LP_TEST_OT-BM-OS,23849710482130204,23849710482130204,55-64,1,10000,53506,1027,1139.62,1027,1027,female
LALTopLinkAds_081622_FB_IG_LINK_PURCHBID7DC1DV-LCB_PROSPECT-A-LALExpansion5%_NEXCL_NOEXCL_LL-LP_TEST_OT-BM-OS,23849710482130204,23849710482130204,65+,1,10000,29835,481,459.53,481,481,female
LattoLoungeLaceBraHaul_101422_FB_IG_REELS_PURCHBID7DC1DV-LCB_PROSPECT_NOEXCL_LL-LP_OT-BM-OS,23850142201310204,23850142201310204,13-17,1,10000,563,10,8.15,10,10,female
LattoLoungeLaceBraHaul_101422_FB_IG_REELS_PURCHBID7DC1DV-LCB_PROSPECT_NOEXCL_LL-LP_OT-BM-OS,23850142201310204,23850142201310204,18-24,1,10000,287088,1885,3136.21,1885,1885,female
LattoLoungeLaceBraHaul_101422_FB_IG_REELS_PURCHBID7DC1DV-LCB_PROSPECT_NOEXCL_LL-LP_OT-BM-OS,23850142201310204,23850142201310204,25-34,1,10000,302115,2277,4663.83,2277,2277,female
LattoLoungeLaceBraHaul_101422_FB_IG_REELS_PURCHBID7DC1DV-LCB_PROSPECT_NOEXCL_LL-LP_OT-BM-OS,23850142201310204,23850142201310204,35-44,1,10000,98854,1093,2196.98,1093,1093,female
LattoLoungeLaceBraHaul_101422_FB_IG_REELS_PURCHBID7DC1DV-LCB_PROSPECT_NOEXCL_LL-LP_OT-BM-OS,23850142201310204,23850142201310204,45-54,1,10000,33046,527,1053.74,527,527,female
LattoLoungeLaceBraHaul_101422_FB_IG_REELS_PURCHBID7DC1DV-LCB_PROSPECT_NOEXCL_LL-LP_OT-BM-OS,23850142201310204,23850142201310204,55-64,1,10000,8314,207,337.21,207,207,female
LattoLoungeLaceBraHaul_101422_FB_IG_REELS_PURCHBID7DC1DV-LCB_PROSPECT_NOEXCL_LL-LP_OT-BM-OS,23850142201310204,23850142201310204,65+,1,10000,5545,69,154.34,69,69,female
Lounge50_091622_FB_IG_50OffOrd_VID_PURCHBID7DC1DV-LC_PROSPECT_LL-LP_TEST-ASC_G-LGE,23851191126970204,23851191126970204,13-17,1,10000,1380,28,22.46,28,28,female
Lounge50_091622_FB_IG_50OffOrd_VID_PURCHBID7DC1DV-LC_PROSPECT_LL-LP_TEST-ASC_G-LGE,23851191126970204,23851191126970204,13-17,2,10000,391,7,4.82,7,7,male
Lounge50_091622_FB_IG_50OffOrd_VID_PURCHBID7DC1DV-LC_PROSPECT_LL-LP_TEST-ASC_G-LGE,23851191126970204,23851191126970204,13-17,3,10000,39,1,0.46,1,1,unknown
Lounge50_091622_FB_IG_50OffOrd_VID_PURCHBID7DC1DV-LC_PROSPECT_LL-LP_TEST-ASC_G-LGE,23851191126970204,23851191126970204,18-24,1,10000,272183,2416,1997.99,2416,2416,female
Lounge50_091622_FB_IG_50OffOrd_VID_PURCHBID7DC1DV-LC_PROSPECT_LL-LP_TEST-ASC_G-LGE,23851191126970204,23851191126970204,18-24,2,10000,18687,188,146.7,188,188,male
Lounge50_091622_FB_IG_50OffOrd_VID_PURCHBID7DC1DV-LC_PROSPECT_LL-LP_TEST-ASC_G-LGE,23851191126970204,23851191126970204,18-24,3,10000,1481,21,14.91,21,21,unknown
Lounge50_091622_FB_IG_50OffOrd_VID_PURCHBID7DC1DV-LC_PROSPECT_LL-LP_TEST-ASC_G-LGE,23851191126970204,23851191126970204,25-34,1,10000,1528053,16575,15504.99,16575,16575,female
Lounge50_091622_FB_IG_50OffOrd_VID_PURCHBID7DC1DV-LC_PROSPECT_LL-LP_TEST-ASC_G-LGE,23851191126970204,23851191126970204,25-34,2,10000,83678,1169,871.32,1169,1169,male
Lounge50_091622_FB_IG_50OffOrd_VID_PURCHBID7DC1DV-LC_PROSPECT_LL-LP_TEST-ASC_G-LGE,23851191126970204,23851191126970204,25-34,3,10000,8211,139,99.08,139,139,unknown
Lounge50_091622_FB_IG_50OffOrd_VID_PURCHBID7DC1DV-LC_PROSPECT_LL-LP_TEST-ASC_G-LGE,23851191126970204,23851191126970204,35-44,1,10000,1398658,21268,20233.05,21268,21268,female
Lounge50_091622_FB_IG_50OffOrd_VID_PURCHBID7DC1DV-LC_PROSPECT_LL-LP_TEST-ASC_G-LGE,23851191126970204,23851191126970204,35-44,2,10000,80925,1295,1074.09,1295,1295,male
Lounge50_091622_FB_IG_50OffOrd_VID_PURCHBID7DC1DV-LC_PROSPECT_LL-LP_TEST-ASC_G-LGE,23851191126970204,23851191126970204,35-44,3,10000,11156,222,170.44,222,222,unknown
Lounge50_091622_FB_IG_50OffOrd_VID_PURCHBID7DC1DV-LC_PROSPECT_LL-LP_TEST-ASC_G-LGE,23851191126970204,23851191126970204,45-54,1,10000,791730,21108,17170.14,21108,21108,female
Lounge50_091622_FB_IG_50OffOrd_VID_PURCHBID7DC1DV-LC_PROSPECT_LL-LP_TEST-ASC_G-LGE,23851191126970204,23851191126970204,45-54,2,10000,42493,884,764.89,884,884,male
Lounge50_091622_FB_IG_50OffOrd_VID_PURCHBID7DC1DV-LC_PROSPECT_LL-LP_TEST-ASC_G-LGE,23851191126970204,23851191126970204,45-54,3,10000,6282,203,145.37,203,203,unknown
Lounge50_091622_FB_IG_50OffOrd_VID_PURCHBID7DC1DV-LC_PROSPECT_LL-LP_TEST-ASC_G-LGE,23851191126970204,23851191126970204,55-64,1,10000,328350,14323,9917.28,14323,14323,female
Lounge50_091622_FB_IG_50OffOrd_VID_PURCHBID7DC1DV-LC_PROSPECT_LL-LP_TEST-ASC_G-LGE,23851191126970204,23851191126970204,55-64,2,10000,16395,462,348.55,462,462,male
Lounge50_091622_FB_IG_50OffOrd_VID_PURCHBID7DC1DV-LC_PROSPECT_LL-LP_TEST-ASC_G-LGE,23851191126970204,23851191126970204,55-64,3,10000,2542,110,71.57,110,110,unknown
Lounge50_091622_FB_IG_50OffOrd_VID_PURCHBID7DC1DV-LC_PROSPECT_LL-LP_TEST-ASC_G-LGE,23851191126970204,23851191126970204,65+,1,10000,126807,6015,3800.74,6015,6015,female
Lounge50_091622_FB_IG_50OffOrd_VID_PURCHBID7DC1DV-LC_PROSPECT_LL-LP_TEST-ASC_G-LGE,23851191126970204,23851191126970204,65+,2,10000,7392,198,167.47,198,198,male
Lounge50_091622_FB_IG_50OffOrd_VID_PURCHBID7DC1DV-LC_PROSPECT_LL-LP_TEST-ASC_G-LGE,23851191126970204,23851191126970204,65+,3,10000,1584,60,41.57,60,60,unknown
Lounge65Sitewide_092222_FB_IG_65OffOrd_PURCHBID7DC1DV-LC_PROSPECT_NOEXCL_LL-LP_TEST-ASC_CT-PAC_G-LGE,23851269191100204,23851269191100204,18-24,1,10000,530816,3562,3336.43,3562,3562,female
Lounge65Sitewide_092222_FB_IG_65OffOrd_PURCHBID7DC1DV-LC_PROSPECT_NOEXCL_LL-LP_TEST-ASC_CT-PAC_G-LGE,23851269191100204,23851269191100204,18-24,2,10000,243294,1977,1348.02,1977,1977,male
Lounge65Sitewide_092222_FB_IG_65OffOrd_PURCHBID7DC1DV-LC_PROSPECT_NOEXCL_LL-LP_TEST-ASC_CT-PAC_G-LGE,23851269191100204,23851269191100204,18-24,3,10000,8715,73,82.54,73,73,unknown
Lounge65Sitewide_092222_FB_IG_65OffOrd_PURCHBID7DC1DV-LC_PROSPECT_NOEXCL_LL-LP_TEST-ASC_CT-PAC_G-LGE,23851269191100204,23851269191100204,25-34,1,10000,1868769,14717,16656.9,14717,14717,female
Lounge65Sitewide_092222_FB_IG_65OffOrd_PURCHBID7DC1DV-LC_PROSPECT_NOEXCL_LL-LP_TEST-ASC_CT-PAC_G-LGE,23851269191100204,23851269191100204,25-34,2,10000,569382,5280,4033.21,5280,5280,male
Lounge65Sitewide_092222_FB_IG_65OffOrd_PURCHBID7DC1DV-LC_PROSPECT_NOEXCL_LL-LP_TEST-ASC_CT-PAC_G-LGE,23851269191100204,23851269191100204,25-34,3,10000,25309,226,250.71,226,226,unknown
Lounge65Sitewide_092222_FB_IG_65OffOrd_PURCHBID7DC1DV-LC_PROSPECT_NOEXCL_LL-LP_TEST-ASC_CT-PAC_G-LGE,23851269191100204,23851269191100204,35-44,1,10000,1069008,11702,13700.7,11702,11702,female
Lounge65Sitewide_092222_FB_IG_65OffOrd_PURCHBID7DC1DV-LC_PROSPECT_NOEXCL_LL-LP_TEST-ASC_CT-PAC_G-LGE,23851269191100204,23851269191100204,35-44,2,10000,214699,2729,2182.53,2729,2729,male
Lounge65Sitewide_092222_FB_IG_65OffOrd_PURCHBID7DC1DV-LC_PROSPECT_NOEXCL_LL-LP_TEST-ASC_CT-PAC_G-LGE,23851269191100204,23851269191100204,35-44,3,10000,14558,218,191.35,218,218,unknown
Lounge65Sitewide_092222_FB_IG_65OffOrd_PURCHBID7DC1DV-LC_PROSPECT_NOEXCL_LL-LP_TEST-ASC_CT-PAC_G-LGE,23851269191100204,23851269191100204,45-54,1,10000,251501,4691,5498.09,4691,4691,female
Lounge65Sitewide_092222_FB_IG_65OffOrd_PURCHBID7DC1DV-LC_PROSPECT_NOEXCL_LL-LP_TEST-ASC_CT-PAC_G-LGE,23851269191100204,23851269191100204,45-54,2,10000,37595,787,613.97,787,787,male
Lounge65Sitewide_092222_FB_IG_65OffOrd_PURCHBID7DC1DV-LC_PROSPECT_NOEXCL_LL-LP_TEST-ASC_CT-PAC_G-LGE,23851269191100204,23851269191100204,45-54,3,10000,2861,67,58.55,67,67,unknown
Lounge65Sitewide_092222_FB_IG_65OffOrd_PURCHBID7DC1DV-LC_PROSPECT_NOEXCL_LL-LP_TEST-ASC_CT-PAC_G-LGE,23851269191100204,23851269191100204,55-64,1,10000,56605,1806,1930.58,1806,1806,female
Lounge65Sitewide_092222_FB_IG_65OffOrd_PURCHBID7DC1DV-LC_PROSPECT_NOEXCL_LL-LP_TEST-ASC_CT-PAC_G-LGE,23851269191100204,23851269191100204,55-64,2,10000,6605,138,141.54,138,138,male
Lounge65Sitewide_092222_FB_IG_65OffOrd_PURCHBID7DC1DV-LC_PROSPECT_NOEXCL_LL-LP_TEST-ASC_CT-PAC_G-LGE,23851269191100204,23851269191100204,55-64,3,10000,636,19,21.07,19,19,unknown
Lounge65Sitewide_092222_FB_IG_65OffOrd_PURCHBID7DC1DV-LC_PROSPECT_NOEXCL_LL-LP_TEST-ASC_CT-PAC_G-LGE,23851269191100204,23851269191100204,65+,1,10000,37932,772,825.2,772,772,female
Lounge65Sitewide_092222_FB_IG_65OffOrd_PURCHBID7DC1DV-LC_PROSPECT_NOEXCL_LL-LP_TEST-ASC_CT-PAC_G-LGE,23851269191100204,23851269191100204,65+,2,10000,9339,140,90.62,140,140,male
Lounge65Sitewide_092222_FB_IG_65OffOrd_PURCHBID7DC1DV-LC_PROSPECT_NOEXCL_LL-LP_TEST-ASC_CT-PAC_G-LGE,23851269191100204,23851269191100204,65+,3,10000,1072,19,17.94,19,19,unknown
,,,,,,,,,,,
,,,,,,,,,,,
,,,,,,,,,,,
,,,,,,,,,,,
,,,,,,,,,,,
,,,,,,,,,,,
,,,,,,,,,,,
,,,,,,,,,,,
,,,,,,,,,,,
,,,,,,,,,,,
,,,,,,,,,,,
,,,,,,,,,,,
,,,,,,,,,,,
,,,,,,,,,,,
,,,,,,,,,,,
,,,,,,,,,,,
,,,,,,,,,,,
,,,,,,,,,,,
MenInLounge_091322_FB_IG_50OffOrd_LINK_PURCHBID7DC1DV-LCB_PROSPECT_NOEXCL_LL-LP_OT-BM-OS_INCMEN_G-LGE,23849710482130204,23849710482130204,13-17,2,10000,546,6,5.51,6,6,male
MenInLounge_091322_FB_IG_50OffOrd_LINK_PURCHBID7DC1DV-LCB_PROSPECT_NOEXCL_LL-LP_OT-BM-OS_INCMEN_G-LGE,23849710482130204,23849710482130204,18-24,2,10000,109815,985,866.78,985,985,male
MenInLounge_091322_FB_IG_50OffOrd_LINK_PURCHBID7DC1DV-LCB_PROSPECT_NOEXCL_LL-LP_OT-BM-OS_INCMEN_G-LGE,23849710482130204,23849710482130204,25-34,2,10000,322336,3142,3180.03,3142,3142,male
MenInLounge_091322_FB_IG_50OffOrd_LINK_PURCHBID7DC1DV-LCB_PROSPECT_NOEXCL_LL-LP_OT-BM-OS_INCMEN_G-LGE,23849710482130204,23849710482130204,35-44,2,10000,109264,1402,1411.56,1402,1402,male
MenInLounge_091322_FB_IG_50OffOrd_LINK_PURCHBID7DC1DV-LCB_PROSPECT_NOEXCL_LL-LP_OT-BM-OS_INCMEN_G-LGE,23849710482130204,23849710482130204,45-54,2,10000,22649,409,417.34,409,409,male
MenInLounge_091322_FB_IG_50OffOrd_LINK_PURCHBID7DC1DV-LCB_PROSPECT_NOEXCL_LL-LP_OT-BM-OS_INCMEN_G-LGE,23849710482130204,23849710482130204,55-64,2,10000,6726,137,148.13,137,137,male
MenInLounge_091322_FB_IG_50OffOrd_LINK_PURCHBID7DC1DV-LCB_PROSPECT_NOEXCL_LL-LP_OT-BM-OS_INCMEN_G-LGE,23849710482130204,23849710482130204,65+,2,10000,4953,62,64.58,62,62,male
Onesies25_092622_FB_IG_25Onesie_PURCHBID7DC1DV-LC_PROSPECT_LL-LP_TEST-ASC_CT-PAC,23851302847720204,23851302847720204,13-17,3,10000,1,0,0.02,0,0,unknown
Onesies25_092622_FB_IG_25Onesie_PURCHBID7DC1DV-LC_PROSPECT_LL-LP_TEST-ASC_CT-PAC,23851302847720204,23851302847720204,18-24,1,10000,517372,3775,5241.48,3775,3775,female
Onesies25_092622_FB_IG_25Onesie_PURCHBID7DC1DV-LC_PROSPECT_LL-LP_TEST-ASC_CT-PAC,23851302847720204,23851302847720204,18-24,2,10000,193963,1512,1881.76,1512,1512,male
Onesies25_092622_FB_IG_25Onesie_PURCHBID7DC1DV-LC_PROSPECT_LL-LP_TEST-ASC_CT-PAC,23851302847720204,23851302847720204,18-24,3,10000,26602,174,268.4,174,174,unknown
Onesies25_092622_FB_IG_25Onesie_PURCHBID7DC1DV-LC_PROSPECT_LL-LP_TEST-ASC_CT-PAC,23851302847720204,23851302847720204,25-34,1,10000,3034175,24491,40515.74,24491,24491,female
Onesies25_092622_FB_IG_25Onesie_PURCHBID7DC1DV-LC_PROSPECT_LL-LP_TEST-ASC_CT-PAC,23851302847720204,23851302847720204,25-34,2,10000,680432,6566,8498.45,6566,6566,male
Onesies25_092622_FB_IG_25Onesie_PURCHBID7DC1DV-LC_PROSPECT_LL-LP_TEST-ASC_CT-PAC,23851302847720204,23851302847720204,25-34,3,10000,82267,895,1162.91,895,895,unknown
Onesies25_092622_FB_IG_25Onesie_PURCHBID7DC1DV-LC_PROSPECT_LL-LP_TEST-ASC_CT-PAC,23851302847720204,23851302847720204,35-44,1,10000,4655591,49138,87655.23,49138,49138,female
Onesies25_092622_FB_IG_25Onesie_PURCHBID7DC1DV-LC_PROSPECT_LL-LP_TEST-ASC_CT-PAC,23851302847720204,23851302847720204,35-44,2,10000,656156,7075,11056.2,7075,7075,male
Onesies25_092622_FB_IG_25Onesie_PURCHBID7DC1DV-LC_PROSPECT_LL-LP_TEST-ASC_CT-PAC,23851302847720204,23851302847720204,35-44,3,10000,68373,966,1302.69,966,966,unknown
Onesies25_092622_FB_IG_25Onesie_PURCHBID7DC1DV-LC_PROSPECT_LL-LP_TEST-ASC_CT-PAC,23851302847720204,23851302847720204,45-54,1,10000,2531899,41641,70619.04,41641,41641,female
Onesies25_092622_FB_IG_25Onesie_PURCHBID7DC1DV-LC_PROSPECT_LL-LP_TEST-ASC_CT-PAC,23851302847720204,23851302847720204,45-54,2,10000,253653,3530,5897.43,3530,3530,male
Onesies25_092622_FB_IG_25Onesie_PURCHBID7DC1DV-LC_PROSPECT_LL-LP_TEST-ASC_CT-PAC,23851302847720204,23851302847720204,45-54,3,10000,26005,484,670.68,484,484,unknown
Onesies25_092622_FB_IG_25Onesie_PURCHBID7DC1DV-LC_PROSPECT_LL-LP_TEST-ASC_CT-PAC,23851302847720204,23851302847720204,55-64,1,10000,685312,17696,25877.41,17696,17696,female
Onesies25_092622_FB_IG_25Onesie_PURCHBID7DC1DV-LC_PROSPECT_LL-LP_TEST-ASC_CT-PAC,23851302847720204,23851302847720204,55-64,2,10000,47552,888,1432.98,888,888,male
Onesies25_092622_FB_IG_25Onesie_PURCHBID7DC1DV-LC_PROSPECT_LL-LP_TEST-ASC_CT-PAC,23851302847720204,23851302847720204,55-64,3,10000,7152,174,235.99,174,174,unknown
Onesies25_092622_FB_IG_25Onesie_PURCHBID7DC1DV-LC_PROSPECT_LL-LP_TEST-ASC_CT-PAC,23851302847720204,23851302847720204,65+,1,10000,276303,5853,8567.11,5853,5853,female
Onesies25_092622_FB_IG_25Onesie_PURCHBID7DC1DV-LC_PROSPECT_LL-LP_TEST-ASC_CT-PAC,23851302847720204,23851302847720204,65+,2,10000,32138,461,646.88,461,461,male
Onesies25_092622_FB_IG_25Onesie_PURCHBID7DC1DV-LC_PROSPECT_LL-LP_TEST-ASC_CT-PAC,23851302847720204,23851302847720204,65+,3,10000,7170,136,166.4,136,136,unknown
PixisRestockMatchingSets_093022_FB_IG_UpTo65OffOrd_STORY_PURCHBID7DC1DV-LCB_PROSPECT_BLKCEXCL_LL-LP_OT-BM-OS,23849711091190204,23849711091190204,13-17,1,10000,5506,60,54.83,60,60,female
PixisRestockMatchingSets_093022_FB_IG_UpTo65OffOrd_STORY_PURCHBID7DC1DV-LCB_PROSPECT_BLKCEXCL_LL-LP_OT-BM-OS,23849711091190204,23849711091190204,18-24,1,10000,7245392,51746,53582.34,51746,51746,female
PixisRestockMatchingSets_093022_FB_IG_UpTo65OffOrd_STORY_PURCHBID7DC1DV-LCB_PROSPECT_BLKCEXCL_LL-LP_OT-BM-OS,23849711091190204,23849711091190204,25-34,1,10000,5822558,43892,53959.73,43892,43892,female
PixisRestockMatchingSets_093022_FB_IG_UpTo65OffOrd_STORY_PURCHBID7DC1DV-LCB_PROSPECT_BLKCEXCL_LL-LP_OT-BM-OS,23849711091190204,23849711091190204,35-44,1,10000,433701,4244,5590.03,4244,4244,female
PixisRestockMatchingSets_093022_FB_IG_UpTo65OffOrd_STORY_PURCHBID7DC1DV-LCB_PROSPECT_BLKCEXCL_LL-LP_OT-BM-OS,23849711091190204,23849711091190204,45-54,1,10000,83511,1362,1450.68,1362,1362,female
PixisRestockMatchingSets_093022_FB_IG_UpTo65OffOrd_STORY_PURCHBID7DC1DV-LCB_PROSPECT_BLKCEXCL_LL-LP_OT-BM-OS,23849711091190204,23849711091190204,55-64,1,10000,22655,421,421.4,421,421,female
PixisRestockMatchingSets_093022_FB_IG_UpTo65OffOrd_STORY_PURCHBID7DC1DV-LCB_PROSPECT_BLKCEXCL_LL-LP_OT-BM-OS,23849711091190204,23849711091190204,65+,1,10000,38187,406,406.61,406,406,female
PixisSavageLoungeIGS_090822_FB_IG_50OffOrd_STORYREELS_VID_PURCHBID7DC1DV-LCB_PROSPECT_NOEXCL_LL-LP_OT-BM-OS_G-LGE,23849712645160204,23849712645160204,13-17,1,10000,272,1,3.77,1,1,female
PixisSavageLoungeIGS_090822_FB_IG_50OffOrd_STORYREELS_VID_PURCHBID7DC1DV-LCB_PROSPECT_NOEXCL_LL-LP_OT-BM-OS_G-LGE,23849712645160204,23849712645160204,18-24,1,10000,159964,926,1165.44,926,926,female
PixisSavageLoungeIGS_090822_FB_IG_50OffOrd_STORYREELS_VID_PURCHBID7DC1DV-LCB_PROSPECT_NOEXCL_LL-LP_OT-BM-OS_G-LGE,23849712645160204,23849712645160204,25-34,1,10000,246557,1436,2253.24,1436,1436,female
PixisSavageLoungeIGS_090822_FB_IG_50OffOrd_STORYREELS_VID_PURCHBID7DC1DV-LCB_PROSPECT_NOEXCL_LL-LP_OT-BM-OS_G-LGE,23849712645160204,23849712645160204,35-44,1,10000,122470,1149,1689.56,1149,1149,female
PixisSavageLoungeIGS_090822_FB_IG_50OffOrd_STORYREELS_VID_PURCHBID7DC1DV-LCB_PROSPECT_NOEXCL_LL-LP_OT-BM-OS_G-LGE,23849712645160204,23849712645160204,45-54,1,10000,52688,950,1297.53,950,950,female
PixisSavageLoungeIGS_090822_FB_IG_50OffOrd_STORYREELS_VID_PURCHBID7DC1DV-LCB_PROSPECT_NOEXCL_LL-LP_OT-BM-OS_G-LGE,23849712645160204,23849712645160204,55-64,1,10000,17148,533,573.62,533,533,female
PixisSavageLoungeIGS_090822_FB_IG_50OffOrd_STORYREELS_VID_PURCHBID7DC1DV-LCB_PROSPECT_NOEXCL_LL-LP_OT-BM-OS_G-LGE,23849712645160204,23849712645160204,65+,1,10000,7770,163,189.11,163,163,female
PixisSepLoungeIGS_090822_FB_IG_50OffOrd_STORY_PURCHBID7DC1DV-LCB_PROSPECT_NOEXCL_LL-LP_OT-BM-OS_G-LGE,23849711091190204,23849711091190204,13-17,1,10000,636,6,9.55,6,6,female
PixisSepLoungeIGS_090822_FB_IG_50OffOrd_STORY_PURCHBID7DC1DV-LCB_PROSPECT_NOEXCL_LL-LP_OT-BM-OS_G-LGE,23849711091190204,23849711091190204,18-24,1,10000,275183,1473,1983.95,1473,1473,female
PixisSepLoungeIGS_090822_FB_IG_50OffOrd_STORY_PURCHBID7DC1DV-LCB_PROSPECT_NOEXCL_LL-LP_OT-BM-OS_G-LGE,23849711091190204,23849711091190204,25-34,1,10000,656175,4568,6332.03,4568,4568,female
PixisSepLoungeIGS_090822_FB_IG_50OffOrd_STORY_PURCHBID7DC1DV-LCB_PROSPECT_NOEXCL_LL-LP_OT-BM-OS_G-LGE,23849711091190204,23849711091190204,35-44,1,10000,212191,2128,2980.22,2128,2128,female
PixisSepLoungeIGS_090822_FB_IG_50OffOrd_STORY_PURCHBID7DC1DV-LCB_PROSPECT_NOEXCL_LL-LP_OT-BM-OS_G-LGE,23849711091190204,23849711091190204,45-54,1,10000,40545,629,795.18,629,629,female
PixisSepLoungeIGS_090822_FB_IG_50OffOrd_STORY_PURCHBID7DC1DV-LCB_PROSPECT_NOEXCL_LL-LP_OT-BM-OS_G-LGE,23849711091190204,23849711091190204,55-64,1,10000,9545,224,256.94,224,224,female
PixisSepLoungeIGS_090822_FB_IG_50OffOrd_STORY_PURCHBID7DC1DV-LCB_PROSPECT_NOEXCL_LL-LP_OT-BM-OS_G-LGE,23849711091190204,23849711091190204,65+,1,10000,8276,132,135.71,132,132,female
PixisTargetingBroad_092322_FB_IG_PURCHBID7DC1DV-LCB_PROSPECT_NOEXCL_LL-LP_TEST-PIXIS_OT-BM-OS,23851280363560204,23851280363560204,13-17,1,10000,451,5,5.64,5,5,female
PixisTargetingBroad_092322_FB_IG_PURCHBID7DC1DV-LCB_PROSPECT_NOEXCL_LL-LP_TEST-PIXIS_OT-BM-OS,23851280363560204,23851280363560204,18-24,1,10000,367006,3092,2834.61,3092,3092,female
PixisTargetingBroad_092322_FB_IG_PURCHBID7DC1DV-LCB_PROSPECT_NOEXCL_LL-LP_TEST-PIXIS_OT-BM-OS,23851280363560204,23851280363560204,25-34,1,10000,692829,6609,7295.52,6609,6609,female
PixisTargetingBroad_092322_FB_IG_PURCHBID7DC1DV-LCB_PROSPECT_NOEXCL_LL-LP_TEST-PIXIS_OT-BM-OS,23851280363560204,23851280363560204,35-44,1,10000,196640,2863,2643.44,2863,2863,female
PixisTargetingBroad_092322_FB_IG_PURCHBID7DC1DV-LCB_PROSPECT_NOEXCL_LL-LP_TEST-PIXIS_OT-BM-OS,23851280363560204,23851280363560204,45-54,1,10000,33067,725,535.77,725,725,female
PixisTargetingBroad_092322_FB_IG_PURCHBID7DC1DV-LCB_PROSPECT_NOEXCL_LL-LP_TEST-PIXIS_OT-BM-OS,23851280363560204,23851280363560204,55-64,1,10000,4008,101,69.76,101,101,female
PixisTargetingBroad_092322_FB_IG_PURCHBID7DC1DV-LCB_PROSPECT_NOEXCL_LL-LP_TEST-PIXIS_OT-BM-OS,23851280363560204,23851280363560204,65+,1,10000,5267,94,61.06,94,94,female
,,,,,,,,,,,
,,,,,,,,,,,
,,,,,,,,,,,
,,,,,,,,,,,
,,,,,,,,,,,
,,,,,,,,,,,
,,,,,,,,,,,
PixisTargetingTGAI2_092522_FB_IG_PURCHBID7DC1DV-LCB_PROSPECT_NOEXCL_LL-LP_TEST-PIXIS_OT-BM-OS _TAI-2-beauty fashion,23851280363560204,23851280363560204,13-17,1,10000,37,0,0.44,0,0,female
PixisTargetingTGAI2_092522_FB_IG_PURCHBID7DC1DV-LCB_PROSPECT_NOEXCL_LL-LP_TEST-PIXIS_OT-BM-OS _TAI-2-beauty fashion,23851280363560204,23851280363560204,18-24,1,10000,28642,201,262.32,201,201,female
PixisTargetingTGAI2_092522_FB_IG_PURCHBID7DC1DV-LCB_PROSPECT_NOEXCL_LL-LP_TEST-PIXIS_OT-BM-OS _TAI-2-beauty fashion,23851280363560204,23851280363560204,25-34,1,10000,65433,552,839.64,552,552,female
PixisTargetingTGAI2_092522_FB_IG_PURCHBID7DC1DV-LCB_PROSPECT_NOEXCL_LL-LP_TEST-PIXIS_OT-BM-OS _TAI-2-beauty fashion,23851280363560204,23851280363560204,35-44,1,10000,12539,148,253.73,148,148,female
PixisTargetingTGAI2_092522_FB_IG_PURCHBID7DC1DV-LCB_PROSPECT_NOEXCL_LL-LP_TEST-PIXIS_OT-BM-OS _TAI-2-beauty fashion,23851280363560204,23851280363560204,45-54,1,10000,1684,33,47.15,33,33,female
PixisTargetingTGAI2_092522_FB_IG_PURCHBID7DC1DV-LCB_PROSPECT_NOEXCL_LL-LP_TEST-PIXIS_OT-BM-OS _TAI-2-beauty fashion,23851280363560204,23851280363560204,55-64,1,10000,228,1,7.03,1,1,female
PixisTargetingTGAI2_092522_FB_IG_PURCHBID7DC1DV-LCB_PROSPECT_NOEXCL_LL-LP_TEST-PIXIS_OT-BM-OS _TAI-2-beauty fashion,23851280363560204,23851280363560204,65+,1,10000,344,3,5.16,3,3,female
PixisTargetingTGAI7_092322_FB_IG_PURCHBID7DC1DV-LCB_PROSPECT_NOEXCL_LL-LP_TEST-PIXIS_OT-BM-OS _TAI-7-tights,23851280363560204,23851280363560204,13-17,1,10000,318,3,3.16,3,3,female
PixisTargetingTGAI7_092322_FB_IG_PURCHBID7DC1DV-LCB_PROSPECT_NOEXCL_LL-LP_TEST-PIXIS_OT-BM-OS _TAI-7-tights,23851280363560204,23851280363560204,18-24,1,10000,288699,2174,2053.91,2174,2174,female
PixisTargetingTGAI7_092322_FB_IG_PURCHBID7DC1DV-LCB_PROSPECT_NOEXCL_LL-LP_TEST-PIXIS_OT-BM-OS _TAI-7-tights,23851280363560204,23851280363560204,25-34,1,10000,559351,5041,5711.09,5041,5041,female
PixisTargetingTGAI7_092322_FB_IG_PURCHBID7DC1DV-LCB_PROSPECT_NOEXCL_LL-LP_TEST-PIXIS_OT-BM-OS _TAI-7-tights,23851280363560204,23851280363560204,35-44,1,10000,164111,2138,2193.42,2138,2138,female
PixisTargetingTGAI7_092322_FB_IG_PURCHBID7DC1DV-LCB_PROSPECT_NOEXCL_LL-LP_TEST-PIXIS_OT-BM-OS _TAI-7-tights,23851280363560204,23851280363560204,45-54,1,10000,28286,611,450.26,611,611,female
PixisTargetingTGAI7_092322_FB_IG_PURCHBID7DC1DV-LCB_PROSPECT_NOEXCL_LL-LP_TEST-PIXIS_OT-BM-OS _TAI-7-tights,23851280363560204,23851280363560204,55-64,1,10000,3615,99,65.94,99,99,female
PixisTargetingTGAI7_092322_FB_IG_PURCHBID7DC1DV-LCB_PROSPECT_NOEXCL_LL-LP_TEST-PIXIS_OT-BM-OS _TAI-7-tights,23851280363560204,23851280363560204,65+,1,10000,4060,44,42.94,44,44,female
PixisTargetingTGAI8_092322_FB_IG_PURCHBID7DC1DV-LCB_PROSPECT_NOEXCL_LL-LP_TEST-PIXIS_OT-BM-OS _TAI-8-hair,23851280363560204,23851280363560204,13-17,1,10000,729,19,7.34,19,19,female
PixisTargetingTGAI8_092322_FB_IG_PURCHBID7DC1DV-LCB_PROSPECT_NOEXCL_LL-LP_TEST-PIXIS_OT-BM-OS _TAI-8-hair,23851280363560204,23851280363560204,18-24,1,10000,688919,4962,5021.2,4962,4962,female
PixisTargetingTGAI8_092322_FB_IG_PURCHBID7DC1DV-LCB_PROSPECT_NOEXCL_LL-LP_TEST-PIXIS_OT-BM-OS _TAI-8-hair,23851280363560204,23851280363560204,25-34,1,10000,1146644,9982,11565.83,9982,9982,female
PixisTargetingTGAI8_092322_FB_IG_PURCHBID7DC1DV-LCB_PROSPECT_NOEXCL_LL-LP_TEST-PIXIS_OT-BM-OS _TAI-8-hair,23851280363560204,23851280363560204,35-44,1,10000,293287,3822,3819.87,3822,3822,female
PixisTargetingTGAI8_092322_FB_IG_PURCHBID7DC1DV-LCB_PROSPECT_NOEXCL_LL-LP_TEST-PIXIS_OT-BM-OS _TAI-8-hair,23851280363560204,23851280363560204,45-54,1,10000,53592,1075,831.86,1075,1075,female
PixisTargetingTGAI8_092322_FB_IG_PURCHBID7DC1DV-LCB_PROSPECT_NOEXCL_LL-LP_TEST-PIXIS_OT-BM-OS _TAI-8-hair,23851280363560204,23851280363560204,55-64,1,10000,7537,188,130.67,188,188,female
PixisTargetingTGAI8_092322_FB_IG_PURCHBID7DC1DV-LCB_PROSPECT_NOEXCL_LL-LP_TEST-PIXIS_OT-BM-OS _TAI-8-hair,23851280363560204,23851280363560204,65+,1,10000,8192,117,91.11,117,117,female
SepMensShop_090522_FB_IG_50OffOrd_LINK_PURCHBID7DC1DV-LCB_PROSPECT_NOEXCL_LL-LP_OT-BM-OS_INCMEN,23849710482130204,23849710482130204,13-17,2,10000,599,5,5.52,5,5,male
SepMensShop_090522_FB_IG_50OffOrd_LINK_PURCHBID7DC1DV-LCB_PROSPECT_NOEXCL_LL-LP_OT-BM-OS_INCMEN,23849710482130204,23849710482130204,18-24,2,10000,158629,1170,1091.06,1170,1170,male
SepMensShop_090522_FB_IG_50OffOrd_LINK_PURCHBID7DC1DV-LCB_PROSPECT_NOEXCL_LL-LP_OT-BM-OS_INCMEN,23849710482130204,23849710482130204,25-34,2,10000,319025,2869,2452.98,2869,2869,male
SepMensShop_090522_FB_IG_50OffOrd_LINK_PURCHBID7DC1DV-LCB_PROSPECT_NOEXCL_LL-LP_OT-BM-OS_INCMEN,23849710482130204,23849710482130204,35-44,2,10000,78868,774,749.24,774,774,male
SepMensShop_090522_FB_IG_50OffOrd_LINK_PURCHBID7DC1DV-LCB_PROSPECT_NOEXCL_LL-LP_OT-BM-OS_INCMEN,23849710482130204,23849710482130204,45-54,2,10000,15832,170,219.68,170,170,male
SepMensShop_090522_FB_IG_50OffOrd_LINK_PURCHBID7DC1DV-LCB_PROSPECT_NOEXCL_LL-LP_OT-BM-OS_INCMEN,23849710482130204,23849710482130204,55-64,2,10000,4588,61,78.43,61,61,male
SepMensShop_090522_FB_IG_50OffOrd_LINK_PURCHBID7DC1DV-LCB_PROSPECT_NOEXCL_LL-LP_OT-BM-OS_INCMEN,23849710482130204,23849710482130204,65+,2,10000,5350,66,53.99,66,66,male
SXUS_AdvSh_FB_IG_5FOR25 Ad set,23851363898520204,23851363898520204,18-24,1,10000,9624,147,61.25,147,147,female
SXUS_AdvSh_FB_IG_5FOR25 Ad set,23851363898520204,23851363898520204,18-24,2,10000,1855,32,16.22,32,32,male
SXUS_AdvSh_FB_IG_5FOR25 Ad set,23851363898520204,23851363898520204,18-24,3,10000,168,2,1.56,2,2,unknown
SXUS_AdvSh_FB_IG_5FOR25 Ad set,23851363898520204,23851363898520204,25-34,1,10000,21333,355,187.51,355,355,female
SXUS_AdvSh_FB_IG_5FOR25 Ad set,23851363898520204,23851363898520204,25-34,2,10000,10450,303,109.96,303,303,male
SXUS_AdvSh_FB_IG_5FOR25 Ad set,23851363898520204,23851363898520204,25-34,3,10000,330,5,3.5,5,5,unknown
SXUS_AdvSh_FB_IG_5FOR25 Ad set,23851363898520204,23851363898520204,35-44,1,10000,18588,378,228.86,378,378,female
SXUS_AdvSh_FB_IG_5FOR25 Ad set,23851363898520204,23851363898520204,35-44,2,10000,11495,454,148.29,454,454,male
SXUS_AdvSh_FB_IG_5FOR25 Ad set,23851363898520204,23851363898520204,35-44,3,10000,287,7,3.72,7,7,unknown
SXUS_AdvSh_FB_IG_5FOR25 Ad set,23851363898520204,23851363898520204,45-54,1,10000,5204,126,85.07,126,126,female
SXUS_AdvSh_FB_IG_5FOR25 Ad set,23851363898520204,23851363898520204,45-54,2,10000,3189,170,50.83,170,170,male
SXUS_AdvSh_FB_IG_5FOR25 Ad set,23851363898520204,23851363898520204,45-54,3,10000,79,2,1.22,2,2,unknown
SXUS_AdvSh_FB_IG_5FOR25 Ad set,23851363898520204,23851363898520204,55-64,1,10000,504,19,9.07,19,19,female
SXUS_AdvSh_FB_IG_5FOR25 Ad set,23851363898520204,23851363898520204,55-64,2,10000,451,28,9.12,28,28,male
SXUS_AdvSh_FB_IG_5FOR25 Ad set,23851363898520204,23851363898520204,55-64,3,10000,12,3,0.25,3,3,unknown
SXUS_AdvSh_FB_IG_5FOR25 Ad set,23851363898520204,23851363898520204,65+,1,10000,725,10,9.82,10,10,female
SXUS_AdvSh_FB_IG_5FOR25 Ad set,23851363898520204,23851363898520204,65+,2,10000,409,14,5.78,14,14,male
SXUS_AdvSh_FB_IG_5FOR25 Ad set,23851363898520204,23851363898520204,65+,3,10000,15,0,0.29,0,0,unknown
UpgradeLingerieLAL_092322_FB_IG_2for29Bra50OffOther_VID_PURCHBID7DC1DV-LCB_PROSPECT-A-LALExpansion-5%_NOEXCL_LL-LP_CT-PAC_OT-BM-OS,23849713784120204,23849713784120204,18-24,1,10000,528876,3955,3919.08,3955,3955,female
UpgradeLingerieLAL_092322_FB_IG_2for29Bra50OffOther_VID_PURCHBID7DC1DV-LCB_PROSPECT-A-LALExpansion-5%_NOEXCL_LL-LP_CT-PAC_OT-BM-OS,23849713784120204,23849713784120204,25-34,1,10000,542060,5267,5477.15,5267,5267,female
UpgradeLingerieLAL_092322_FB_IG_2for29Bra50OffOther_VID_PURCHBID7DC1DV-LCB_PROSPECT-A-LALExpansion-5%_NOEXCL_LL-LP_CT-PAC_OT-BM-OS,23849713784120204,23849713784120204,35-44,1,10000,65333,742,880.76,742,742,female
UpgradeLingerieLAL_092322_FB_IG_2for29Bra50OffOther_VID_PURCHBID7DC1DV-LCB_PROSPECT-A-LALExpansion-5%_NOEXCL_LL-LP_CT-PAC_OT-BM-OS,23849713784120204,23849713784120204,45-54,1,10000,11010,163,167.15,163,163,female
UpgradeLingerieLAL_092322_FB_IG_2for29Bra50OffOther_VID_PURCHBID7DC1DV-LCB_PROSPECT-A-LALExpansion-5%_NOEXCL_LL-LP_CT-PAC_OT-BM-OS,23849713784120204,23849713784120204,55-64,1,10000,3309,57,47.87,57,57,female
UpgradeLingerieLAL_092322_FB_IG_2for29Bra50OffOther_VID_PURCHBID7DC1DV-LCB_PROSPECT-A-LALExpansion-5%_NOEXCL_LL-LP_CT-PAC_OT-BM-OS,23849713784120204,23849713784120204,65+,1,10000,4464,55,49.98,55,55,female
UpTo65BAU_093022_FB_IG_PURCHBID7DC1DV-LC_PROSPECT_NOEXCL_LL-LP_TEST-ASC_CT-PAC,23851365353800204,23851365353800204,13-17,1,10000,138,1,1.74,1,1,female
UpTo65BAU_093022_FB_IG_PURCHBID7DC1DV-LC_PROSPECT_NOEXCL_LL-LP_TEST-ASC_CT-PAC,23851365353800204,23851365353800204,13-17,2,10000,334,11,4.84,11,11,male
UpTo65BAU_093022_FB_IG_PURCHBID7DC1DV-LC_PROSPECT_NOEXCL_LL-LP_TEST-ASC_CT-PAC,23851365353800204,23851365353800204,13-17,3,10000,22,0,0.15,0,0,unknown
UpTo65BAU_093022_FB_IG_PURCHBID7DC1DV-LC_PROSPECT_NOEXCL_LL-LP_TEST-ASC_CT-PAC,23851365353800204,23851365353800204,18-24,1,10000,3594386,24022,22459.41,24022,24022,female
UpTo65BAU_093022_FB_IG_PURCHBID7DC1DV-LC_PROSPECT_NOEXCL_LL-LP_TEST-ASC_CT-PAC,23851365353800204,23851365353800204,18-24,2,10000,1083354,10051,9098.55,10051,10051,male
UpTo65BAU_093022_FB_IG_PURCHBID7DC1DV-LC_PROSPECT_NOEXCL_LL-LP_TEST-ASC_CT-PAC,23851365353800204,23851365353800204,18-24,3,10000,77938,762,681.96,762,762,unknown
UpTo65BAU_093022_FB_IG_PURCHBID7DC1DV-LC_PROSPECT_NOEXCL_LL-LP_TEST-ASC_CT-PAC,23851365353800204,23851365353800204,25-34,1,10000,5489128,38998,41929.59,38998,38998,female
UpTo65BAU_093022_FB_IG_PURCHBID7DC1DV-LC_PROSPECT_NOEXCL_LL-LP_TEST-ASC_CT-PAC,23851365353800204,23851365353800204,25-34,2,10000,2639632,29189,24404.97,29189,29189,male
UpTo65BAU_093022_FB_IG_PURCHBID7DC1DV-LC_PROSPECT_NOEXCL_LL-LP_TEST-ASC_CT-PAC,23851365353800204,23851365353800204,25-34,3,10000,88668,1030,905.96,1030,1030,unknown
UpTo65BAU_093022_FB_IG_PURCHBID7DC1DV-LC_PROSPECT_NOEXCL_LL-LP_TEST-ASC_CT-PAC,23851365353800204,23851365353800204,35-44,1,10000,1929711,17347,20308.9,17347,17347,female
UpTo65BAU_093022_FB_IG_PURCHBID7DC1DV-LC_PROSPECT_NOEXCL_LL-LP_TEST-ASC_CT-PAC,23851365353800204,23851365353800204,35-44,2,10000,1086824,15605,12124.65,15605,15605,male
UpTo65BAU_093022_FB_IG_PURCHBID7DC1DV-LC_PROSPECT_NOEXCL_LL-LP_TEST-ASC_CT-PAC,23851365353800204,23851365353800204,35-44,3,10000,28396,352,329.36,352,352,unknown
UpTo65BAU_093022_FB_IG_PURCHBID7DC1DV-LC_PROSPECT_NOEXCL_LL-LP_TEST-ASC_CT-PAC,23851365353800204,23851365353800204,45-54,1,10000,423032,6139,6977.91,6139,6139,female
UpTo65BAU_093022_FB_IG_PURCHBID7DC1DV-LC_PROSPECT_NOEXCL_LL-LP_TEST-ASC_CT-PAC,23851365353800204,23851365353800204,45-54,2,10000,263313,5706,4170.75,5706,5706,male
UpTo65BAU_093022_FB_IG_PURCHBID7DC1DV-LC_PROSPECT_NOEXCL_LL-LP_TEST-ASC_CT-PAC,23851365353800204,23851365353800204,45-54,3,10000,6239,129,96.3,129,129,unknown
UpTo65BAU_093022_FB_IG_PURCHBID7DC1DV-LC_PROSPECT_NOEXCL_LL-LP_TEST-ASC_CT-PAC,23851365353800204,23851365353800204,55-64,1,10000,71934,1520,1720.07,1520,1520,female
UpTo65BAU_093022_FB_IG_PURCHBID7DC1DV-LC_PROSPECT_NOEXCL_LL-LP_TEST-ASC_CT-PAC,23851365353800204,23851365353800204,55-64,2,10000,60102,1808,1221.59,1808,1808,male
UpTo65BAU_093022_FB_IG_PURCHBID7DC1DV-LC_PROSPECT_NOEXCL_LL-LP_TEST-ASC_CT-PAC,23851365353800204,23851365353800204,55-64,3,10000,1289,37,26.84,37,37,unknown
UpTo65BAU_093022_FB_IG_PURCHBID7DC1DV-LC_PROSPECT_NOEXCL_LL-LP_TEST-ASC_CT-PAC,23851365353800204,23851365353800204,65+,1,10000,73344,869,929.82,869,869,female
UpTo65BAU_093022_FB_IG_PURCHBID7DC1DV-LC_PROSPECT_NOEXCL_LL-LP_TEST-ASC_CT-PAC,23851365353800204,23851365353800204,65+,2,10000,51390,1020,691.18,1020,1020,male
UpTo65BAU_093022_FB_IG_PURCHBID7DC1DV-LC_PROSPECT_NOEXCL_LL-LP_TEST-ASC_CT-PAC,23851365353800204,23851365353800204,65+,3,10000,2225,37,26.36,37,37,unknown